2024/04/29 18:00,01F0017N,01F0005N,31,90,61
2024/04/29 18:00,01F0005S,01F0017S,31,88,40
2024/04/29 18:00,01F0005S,01F0017S,32,82,11
2024/04/29 18:00,01F0005S,01F0017S,41,93,3
2024/04/29 18:00,01F0005S,01F0017S,42,0,0
2024/04/29 18:00,01F0005S,01F0017S,5,0,0
2024/04/29 18:00,01F0017S,01F0029S,31,90,73
2024/04/29 18:00,01F0017S,01F0029S,32,90,18
2024/04/29 18:00,01F0017S,01F0029S,41,93,5
2024/04/29 18:00,01F0017S,01F0029S,42,0,0
2024/04/29 18:00,01F0017S,01F0029S,5,0,0
2024/04/29 18:00,01F0029S,01F0061S,31,90,106
2024/04/29 18:00,01F0029S,01F0061S,32,86,32
2024/04/29 18:00,01F0029S,01F0061S,41,86,9
2024/04/29 18:00,01F0029S,01F0061S,42,88,2
2024/04/29 18:00,01F0029S,01F0061S,5,0,0
2024/04/29 18:00,01F0061S,01F0099S,31,90,185
2024/04/29 18:00,01F0061S,01F0099S,32,90,45
2024/04/29 18:00,01F0061S,01F0099S,41,90,11
2024/04/29 18:00,01F0061S,01F0099S,42,90,1
2024/04/29 18:00,01F0061S,01F0099S,5,82,1
2024/04/29 18:00,01F0099S,01F0147S,31,90,79
2024/04/29 18:00,01F0099S,01F0147S,32,90,17
2024/04/29 18:00,01F0099S,01F0147S,41,79,10
2024/04/29 18:00,01F0099S,01F0147S,42,86,5
2024/04/29 18:00,01F0099S,01F0147S,5,90,3
2024/04/29 18:00,01F0147S,01F0153S,31,90,132
2024/04/29 18:00,01F0147S,01F0153S,32,90,37
2024/04/29 18:00,01F0147S,01F0153S,41,86,11
2024/04/29 18:00,01F0147S,01F0153S,42,90,6
2024/04/29 18:00,01F0147S,01F0153S,5,88,6
2024/04/29 18:00,01F0153S,01F0182S,31,32,135
2024/04/29 18:00,01F0153S,01F0182S,32,32,29
2024/04/29 18:00,01F0153S,01F0182S,41,36,5
2024/04/29 18:00,01F0153S,01F0182S,42,32,3
2024/04/29 18:00,01F0153S,01F0182S,5,32,10
2024/04/29 18:00,01F0182S,01F0248S,31,28,203
2024/04/29 18:00,01F0182S,01F0248S,32,28,48
2024/04/29 18:00,01F0182S,01F0248S,41,25,3
2024/04/29 18:00,01F0182S,01F0248S,42,28,11
2024/04/29 18:00,01F0182S,01F0248S,5,25,8
2024/04/29 18:00,01F0248S,01F0264S,31,75,300
2024/04/29 18:00,01F0248S,01F0264S,32,75,63
2024/04/29 18:00,01F0248S,01F0264S,41,82,8
2024/04/29 18:00,01F0248S,01F0264S,42,72,7
2024/04/29 18:00,01F0248S,01F0264S,5,79,9
2024/04/29 18:00,01F0264S,01F0293S,31,86,283
2024/04/29 18:00,01F0264S,01F0293S,32,86,55
2024/04/29 18:00,01F0264S,01F0293S,41,82,19
2024/04/29 18:00,01F0264S,01F0293S,42,75,10
2024/04/29 18:00,01F0264S,01F0293S,5,73,6
2024/04/29 18:00,01F0293S,01F0339S,31,86,257
2024/04/29 18:00,01F0293S,01F0339S,32,82,43
2024/04/29 18:00,01F0293S,01F0339S,41,75,15
2024/04/29 18:00,01F0293S,01F0339S,42,72,5
2024/04/29 18:00,01F0293S,01F0339S,5,72,3
2024/04/29 18:00,01H0305S,01F0339S,31,79,132
2024/04/29 18:00,01H0305S,01F0339S,32,79,31
2024/04/29 18:00,01H0305S,01F0339S,41,72,3
2024/04/29 18:00,01H0305S,01F0339S,42,0,0
2024/04/29 18:00,01H0305S,01F0339S,5,0,0
2024/04/29 18:00,01F0339S,01F0376S,31,79,417
2024/04/29 18:00,01F0339S,01F0376S,32,79,94
2024/04/29 18:00,01F0339S,01F0376S,41,70,12
2024/04/29 18:00,01F0339S,01F0376S,42,75,10
2024/04/29 18:00,01F0339S,01F0376S,5,73,6
2024/04/29 18:00,01F0376S,01F0413S,31,50,196
2024/04/29 18:00,01F0376S,01F0413S,32,50,46
2024/04/29 18:00,01F0376S,01F0413S,41,46,7
2024/04/29 18:00,01F0376S,01F0413S,42,46,6
2024/04/29 18:00,01F0376S,01F0413S,5,45,4
2024/04/29 18:00,01F0413S,01F0467S,31,90,205
2024/04/29 18:00,01F0413S,01F0467S,32,91,54
2024/04/29 18:00,01F0413S,01F0467S,41,86,3
2024/04/29 18:00,01F0413S,01F0467S,42,86,6
2024/04/29 18:00,01F0413S,01F0467S,5,79,3
2024/04/29 18:00,01F0467S,01F0492S,31,97,216
2024/04/29 18:00,01F0467S,01F0492S,32,97,62
2024/04/29 18:00,01F0467S,01F0492S,41,90,3
2024/04/29 18:00,01F0467S,01F0492S,42,86,9
2024/04/29 18:00,01F0467S,01F0492S,5,90,6
2024/04/29 18:00,01F0492S,01F0511S,31,75,209
2024/04/29 18:00,01F0492S,01F0511S,32,72,61
2024/04/29 18:00,01F0492S,01F0511S,41,70,4
2024/04/29 18:00,01F0492S,01F0511S,42,72,7
2024/04/29 18:00,01F0492S,01F0511S,5,72,5
2024/04/29 18:00,01F0532S,01F0532N,31,7,5
2024/04/29 18:00,01F0532S,01F0532N,32,3,1
2024/04/29 18:00,01F0532S,01F0532N,41,3,2
2024/04/29 18:00,01F0532S,01F0532N,42,0,0
2024/04/29 18:00,01F0532S,01F0532N,5,3,1
2024/04/29 18:00,01F0511S,01F0532S,31,72,224
2024/04/29 18:00,01F0511S,01F0532S,32,72,64
2024/04/29 18:00,01F0511S,01F0532S,41,66,6
2024/04/29 18:00,01F0511S,01F0532S,42,66,10
2024/04/29 18:00,01F0511S,01F0532S,5,66,4
2024/04/29 18:00,01F0532S,01F0557S,31,32,309
2024/04/29 18:00,01F0532S,01F0557S,32,32,68
2024/04/29 18:00,01F0532S,01F0557S,41,32,10
2024/04/29 18:00,01F0532S,01F0557S,42,32,6
2024/04/29 18:00,01F0532S,01F0557S,5,32,9
2024/04/29 18:00,01F0557S,01F0578S,31,21,196
2024/04/29 18:00,01F0557S,01F0578S,32,21,47
2024/04/29 18:00,01F0557S,01F0578S,41,25,6
2024/04/29 18:00,01F0557S,01F0578S,42,18,8
2024/04/29 18:00,01F0557S,01F0578S,5,18,5
2024/04/29 18:00,01F0578S,01F0633S,31,54,111
2024/04/29 18:00,01F0578S,01F0633S,32,50,40
2024/04/29 18:00,01F0578S,01F0633S,41,50,1
2024/04/29 18:00,01F0578S,01F0633S,42,46,14
2024/04/29 18:00,01F0578S,01F0633S,5,46,10
2024/04/29 18:00,01H0579S,01F0633S,31,57,50
2024/04/29 18:00,01H0579S,01F0633S,32,57,16
2024/04/29 18:00,01H0579S,01F0633S,41,0,0
2024/04/29 18:00,01H0579S,01F0633S,42,0,0
2024/04/29 18:00,01H0579S,01F0633S,5,0,0
2024/04/29 18:00,01F0633S,01F0664S,31,90,149
2024/04/29 18:00,01F0633S,01F0664S,32,86,37
2024/04/29 18:00,01F0633S,01F0664S,41,82,1
2024/04/29 18:00,01F0633S,01F0664S,42,75,13
2024/04/29 18:00,01F0633S,01F0664S,5,75,14
2024/04/29 18:00,01F0664S,01F0681S,31,93,182
2024/04/29 18:00,01F0664S,01F0681S,32,90,45
2024/04/29 18:00,01F0664S,01F0681S,41,97,1
2024/04/29 18:00,01F0664S,01F0681S,42,81,12
2024/04/29 18:00,01F0664S,01F0681S,5,86,13
2024/04/29 18:00,01F0681S,01F0699S,31,93,68
2024/04/29 18:00,01F0681S,01F0699S,32,90,17
2024/04/29 18:00,01F0681S,01F0699S,41,86,1
2024/04/29 18:00,01F0681S,01F0699S,42,77,10
2024/04/29 18:00,01F0681S,01F0699S,5,81,10
2024/04/29 18:00,01F0699S,01F0750S,31,100,69
2024/04/29 18:00,01F0699S,01F0750S,32,100,28
2024/04/29 18:00,01F0699S,01F0750S,41,0,0
2024/04/29 18:00,01F0699S,01F0750S,42,88,16
2024/04/29 18:00,01F0699S,01F0750S,5,86,11
2024/04/29 18:00,01H0610S,01F0750S,31,90,136
2024/04/29 18:00,01H0610S,01F0750S,32,90,40
2024/04/29 18:00,01H0610S,01F0750S,41,82,4
2024/04/29 18:00,01H0610S,01F0750S,42,82,1
2024/04/29 18:00,01H0610S,01F0750S,5,0,0
2024/04/29 18:00,01F0750S,01F0880S,31,93,180
2024/04/29 18:00,01F0750S,01F0880S,32,93,36
2024/04/29 18:00,01F0750S,01F0880S,41,88,6
2024/04/29 18:00,01F0750S,01F0880S,42,79,11
2024/04/29 18:00,01F0750S,01F0880S,5,79,9
2024/04/29 18:00,01F0880S,01F0928S,31,86,221
2024/04/29 18:00,01F0880S,01F0928S,32,90,52
2024/04/29 18:00,01F0880S,01F0928S,41,75,6
2024/04/29 18:00,01F0880S,01F0928S,42,75,8
2024/04/29 18:00,01F0880S,01F0928S,5,75,4
2024/04/29 18:00,01F0928S,01F0950S,31,93,140
2024/04/29 18:00,01F0928S,01F0950S,32,93,52
2024/04/29 18:00,01F0928S,01F0950S,41,79,1
2024/04/29 18:00,01F0928S,01F0950S,42,82,10
2024/04/29 18:00,01F0928S,01F0950S,5,79,4
2024/04/29 18:00,01F0950S,01F0980S,31,91,156
2024/04/29 18:00,01F0950S,01F0980S,32,90,52
2024/04/29 18:00,01F0950S,01F0980S,41,90,1
2024/04/29 18:00,01F0950S,01F0980S,42,75,10
2024/04/29 18:00,01F0950S,01F0980S,5,79,7
2024/04/29 18:00,01F0980S,01F1045S,31,97,199
2024/04/29 18:00,01F0980S,01F1045S,32,97,46
2024/04/29 18:00,01F0980S,01F1045S,41,93,1
2024/04/29 18:00,01F0980S,01F1045S,42,90,5
2024/04/29 18:00,01F0980S,01F1045S,5,86,5
2024/04/29 18:00,01F1045S,01F1123S,31,93,147
2024/04/29 18:00,01F1045S,01F1123S,32,95,38
2024/04/29 18:00,01F1045S,01F1123S,41,86,6
2024/04/29 18:00,01F1045S,01F1123S,42,82,6
2024/04/29 18:00,01F1045S,01F1123S,5,84,2
2024/04/29 18:00,01F1123S,01F1292S,31,100,108
2024/04/29 18:00,01F1123S,01F1292S,32,100,36
2024/04/29 18:00,01F1123S,01F1292S,41,93,3
2024/04/29 18:00,01F1123S,01F1292S,42,81,6
2024/04/29 18:00,01F1123S,01F1292S,5,0,0
2024/04/29 18:00,01F1292S,01F1389S,31,104,89
2024/04/29 18:00,01F1292S,01F1389S,32,100,36
2024/04/29 18:00,01F1292S,01F1389S,41,99,4
2024/04/29 18:00,01F1292S,01F1389S,42,86,2
2024/04/29 18:00,01F1292S,01F1389S,5,81,2
2024/04/29 18:00,01F1389S,01F1465S,31,100,129
2024/04/29 18:00,01F1389S,01F1465S,32,97,49
2024/04/29 18:00,01F1389S,01F1465S,41,97,3
2024/04/29 18:00,01F1389S,01F1465S,42,90,8
2024/04/29 18:00,01F1389S,01F1465S,5,84,4
2024/04/29 18:00,01F1465S,01F1572S,31,100,136
2024/04/29 18:00,01F1465S,01F1572S,32,100,39
2024/04/29 18:00,01F1465S,01F1572S,41,97,4
2024/04/29 18:00,01F1465S,01F1572S,42,93,1
2024/04/29 18:00,01F1465S,01F1572S,5,86,1
2024/04/29 18:00,01F1572S,01F1621S,31,100,157
2024/04/29 18:00,01F1572S,01F1621S,32,100,44
2024/04/29 18:00,01F1572S,01F1621S,41,52,4
2024/04/29 18:00,01F1572S,01F1621S,42,86,9
2024/04/29 18:00,01F1572S,01F1621S,5,82,3
2024/04/29 18:00,01F1621S,01F1664S,31,100,152
2024/04/29 18:00,01F1621S,01F1664S,32,100,37
2024/04/29 18:00,01F1621S,01F1664S,41,93,3
2024/04/29 18:00,01F1621S,01F1664S,42,68,7
2024/04/29 18:00,01F1621S,01F1664S,5,66,2
2024/04/29 18:00,01F1664S,01F1699S,31,64,285
2024/04/29 18:00,01F1664S,01F1699S,32,64,62
2024/04/29 18:00,01F1664S,01F1699S,41,64,4
2024/04/29 18:00,01F1664S,01F1699S,42,61,7
2024/04/29 18:00,01F1664S,01F1699S,5,54,5
2024/04/29 18:00,01F1699S,01F1774S,31,73,212
2024/04/29 18:00,01F1699S,01F1774S,32,75,37
2024/04/29 18:00,01F1699S,01F1774S,41,72,6
2024/04/29 18:00,01F1699S,01F1774S,42,72,5
2024/04/29 18:00,01F1699S,01F1774S,5,68,4
2024/04/29 18:00,01F1774S,01F1802S,31,104,138
2024/04/29 18:00,01F1774S,01F1802S,32,104,45
2024/04/29 18:00,01F1774S,01F1802S,41,97,4
2024/04/29 18:00,01F1774S,01F1802S,42,93,7
2024/04/29 18:00,01F1774S,01F1802S,5,100,3
2024/04/29 18:00,01F1802S,01F1839S,31,104,191
2024/04/29 18:00,01F1802S,01F1839S,32,104,53
2024/04/29 18:00,01F1802S,01F1839S,41,99,4
2024/04/29 18:00,01F1802S,01F1839S,42,93,7
2024/04/29 18:00,01F1802S,01F1839S,5,0,0
2024/04/29 18:00,01F1839S,01F1906S,31,100,175
2024/04/29 18:00,01F1839S,01F1906S,32,97,45
2024/04/29 18:00,01F1839S,01F1906S,41,95,4
2024/04/29 18:00,01F1839S,01F1906S,42,91,2
2024/04/29 18:00,01F1839S,01F1906S,5,0,0
2024/04/29 18:00,01F1906S,01F1960S,31,97,200
2024/04/29 18:00,01F1906S,01F1960S,32,93,60
2024/04/29 18:00,01F1906S,01F1960S,41,97,3
2024/04/29 18:00,01F1906S,01F1960S,42,88,12
2024/04/29 18:00,01F1906S,01F1960S,5,82,4
2024/04/29 18:00,01F1960S,01F2011S,31,100,175
2024/04/29 18:00,01F1960S,01F2011S,32,97,70
2024/04/29 18:00,01F1960S,01F2011S,41,93,3
2024/04/29 18:00,01F1960S,01F2011S,42,82,14
2024/04/29 18:00,01F1960S,01F2011S,5,82,18
2024/04/29 18:00,01F2011S,01F2089S,31,100,188
2024/04/29 18:00,01F2011S,01F2089S,32,100,66
2024/04/29 18:00,01F2011S,01F2089S,41,93,2
2024/04/29 18:00,01F2011S,01F2089S,42,90,25
2024/04/29 18:00,01F2011S,01F2089S,5,86,17
2024/04/29 18:00,01F2089S,01F2156S,31,104,180
2024/04/29 18:00,01F2089S,01F2156S,32,104,57
2024/04/29 18:00,01F2089S,01F2156S,41,99,6
2024/04/29 18:00,01F2089S,01F2156S,42,93,18
2024/04/29 18:00,01F2089S,01F2156S,5,86,22
2024/04/29 18:00,01F2156S,01F2249S,31,108,118
2024/04/29 18:00,01F2156S,01F2249S,32,108,26
2024/04/29 18:00,01F2156S,01F2249S,41,99,4
2024/04/29 18:00,01F2156S,01F2249S,42,86,13
2024/04/29 18:00,01F2156S,01F2249S,5,86,15
2024/04/29 18:00,01F2249S,01F2322S,31,104,113
2024/04/29 18:00,01F2249S,01F2322S,32,100,43
2024/04/29 18:00,01F2249S,01F2322S,41,97,2
2024/04/29 18:00,01F2249S,01F2322S,42,82,17
2024/04/29 18:00,01F2249S,01F2322S,5,81,18
2024/04/29 18:00,01F2322S,01F2394S,31,108,133
2024/04/29 18:00,01F2322S,01F2394S,32,108,49
2024/04/29 18:00,01F2322S,01F2394S,41,100,6
2024/04/29 18:00,01F2322S,01F2394S,42,88,26
2024/04/29 18:00,01F2322S,01F2394S,5,82,16
2024/04/29 18:00,01F2394S,01F2425S,31,111,108
2024/04/29 18:00,01F2394S,01F2425S,32,108,46
2024/04/29 18:00,01F2394S,01F2425S,41,95,4
2024/04/29 18:00,01F2394S,01F2425S,42,91,12
2024/04/29 18:00,01F2394S,01F2425S,5,86,17
2024/04/29 18:00,01F2425S,01F2472S,31,111,110
2024/04/29 18:00,01F2425S,01F2472S,32,108,38
2024/04/29 18:00,01F2425S,01F2472S,41,106,2
2024/04/29 18:00,01F2425S,01F2472S,42,93,10
2024/04/29 18:00,01F2425S,01F2472S,5,90,18
2024/04/29 18:00,01F2472S,01F2514S,31,104,122
2024/04/29 18:00,01F2472S,01F2514S,32,104,49
2024/04/29 18:00,01F2472S,01F2514S,41,99,2
2024/04/29 18:00,01F2472S,01F2514S,42,82,15
2024/04/29 18:00,01F2472S,01F2514S,5,84,18
2024/04/29 18:00,01F2514S,01F2603S,31,108,96
2024/04/29 18:00,01F2514S,01F2603S,32,102,46
2024/04/29 18:00,01F2514S,01F2603S,41,97,7
2024/04/29 18:00,01F2514S,01F2603S,42,95,16
2024/04/29 18:00,01F2514S,01F2603S,5,86,17
2024/04/29 18:00,01F2603S,01F2674S,31,104,88
2024/04/29 18:00,01F2603S,01F2674S,32,104,35
2024/04/29 18:00,01F2603S,01F2674S,41,100,3
2024/04/29 18:00,01F2603S,01F2674S,42,86,14
2024/04/29 18:00,01F2603S,01F2674S,5,82,19
2024/04/29 18:00,01F2674S,01F2714S,31,108,102
2024/04/29 18:00,01F2674S,01F2714S,32,108,37
2024/04/29 18:00,01F2674S,01F2714S,41,100,3
2024/04/29 18:00,01F2674S,01F2714S,42,79,9
2024/04/29 18:00,01F2674S,01F2714S,5,79,11
2024/04/29 18:00,01F2714S,01F2827S,31,104,85
2024/04/29 18:00,01F2714S,01F2827S,32,104,24
2024/04/29 18:00,01F2714S,01F2827S,41,93,1
2024/04/29 18:00,01F2714S,01F2827S,42,97,10
2024/04/29 18:00,01F2714S,01F2827S,5,82,18
2024/04/29 18:00,01F2827S,01F2866S,31,106,106
2024/04/29 18:00,01F2827S,01F2866S,32,100,33
2024/04/29 18:00,01F2827S,01F2866S,41,100,2
2024/04/29 18:00,01F2827S,01F2866S,42,82,11
2024/04/29 18:00,01F2827S,01F2866S,5,79,15
2024/04/29 18:00,01F2866S,01F2930S,31,111,101
2024/04/29 18:00,01F2866S,01F2930S,32,108,32
2024/04/29 18:00,01F2866S,01F2930S,41,100,3
2024/04/29 18:00,01F2866S,01F2930S,42,91,12
2024/04/29 18:00,01F2866S,01F2930S,5,86,18
2024/04/29 18:00,01F2930S,01F3019S,31,104,116
2024/04/29 18:00,01F2930S,01F3019S,32,104,41
2024/04/29 18:00,01F2930S,01F3019S,41,97,3
2024/04/29 18:00,01F2930S,01F3019S,42,93,23
2024/04/29 18:00,01F2930S,01F3019S,5,82,18
2024/04/29 18:00,01F3019S,01F3083S,31,100,161
2024/04/29 18:00,01F3019S,01F3083S,32,100,45
2024/04/29 18:00,01F3019S,01F3083S,41,93,5
2024/04/29 18:00,01F3019S,01F3083S,42,93,9
2024/04/29 18:00,01F3019S,01F3083S,5,79,17
2024/04/29 18:00,01F3083S,01F3126S,31,104,161
2024/04/29 18:00,01F3083S,01F3126S,32,102,46
2024/04/29 18:00,01F3083S,01F3126S,41,100,5
2024/04/29 18:00,01F3083S,01F3126S,42,93,5
2024/04/29 18:00,01F3083S,01F3126S,5,84,12
2024/04/29 18:00,01F3126S,01F3185S,31,93,209
2024/04/29 18:00,01F3126S,01F3185S,32,90,54
2024/04/29 18:00,01F3126S,01F3185S,41,79,3
2024/04/29 18:00,01F3126S,01F3185S,42,90,9
2024/04/29 18:00,01F3126S,01F3185S,5,75,12
2024/04/29 18:00,01F3185S,01F3227S,31,61,287
2024/04/29 18:00,01F3185S,01F3227S,32,61,55
2024/04/29 18:00,01F3185S,01F3227S,41,59,2
2024/04/29 18:00,01F3185S,01F3227S,42,61,8
2024/04/29 18:00,01F3185S,01F3227S,5,57,17
2024/04/29 18:00,01F3227S,01F3252S,31,90,239
2024/04/29 18:00,01F3227S,01F3252S,32,90,67
2024/04/29 18:00,01F3227S,01F3252S,41,88,6
2024/04/29 18:00,01F3227S,01F3252S,42,82,15
2024/04/29 18:00,01F3227S,01F3252S,5,81,18
2024/04/29 18:00,01F3252S,01F3286S,31,93,155
2024/04/29 18:00,01F3252S,01F3286S,32,95,58
2024/04/29 18:00,01F3252S,01F3286S,41,90,3
2024/04/29 18:00,01F3252S,01F3286S,42,90,12
2024/04/29 18:00,01F3252S,01F3286S,5,86,27
2024/04/29 18:00,01F3286S,01F3366S,31,93,140
2024/04/29 18:00,01F3286S,01F3366S,32,93,40
2024/04/29 18:00,01F3286S,01F3366S,41,90,1
2024/04/29 18:00,01F3286S,01F3366S,42,82,13
2024/04/29 18:00,01F3286S,01F3366S,5,82,21
2024/04/29 18:00,01F3366S,01F3398S,31,100,165
2024/04/29 18:00,01F3366S,01F3398S,32,100,66
2024/04/29 18:00,01F3366S,01F3398S,41,100,3
2024/04/29 18:00,01F3366S,01F3398S,42,86,9
2024/04/29 18:00,01F3366S,01F3398S,5,86,16
2024/04/29 18:00,01F3398S,01F3460S,31,46,207
2024/04/29 18:00,01F3398S,01F3460S,32,46,83
2024/04/29 18:00,01F3398S,01F3460S,41,50,5
2024/04/29 18:00,01F3398S,01F3460S,42,50,12
2024/04/29 18:00,01F3398S,01F3460S,5,50,20
2024/04/29 18:00,01F3460S,01F3535S,31,79,251
2024/04/29 18:00,01F3460S,01F3535S,32,79,91
2024/04/29 18:00,01F3460S,01F3535S,41,72,2
2024/04/29 18:00,01F3460S,01F3535S,42,72,9
2024/04/29 18:00,01F3460S,01F3535S,5,72,20
2024/04/29 18:00,01F3535S,01F3561S,31,75,274
2024/04/29 18:00,01F3535S,01F3561S,32,75,93
2024/04/29 18:00,01F3535S,01F3561S,41,72,3
2024/04/29 18:00,01F3535S,01F3561S,42,68,12
2024/04/29 18:00,01F3535S,01F3561S,5,72,28
2024/04/29 18:00,01F3561S,01F3590S,31,68,280
2024/04/29 18:00,01F3561S,01F3590S,32,68,88
2024/04/29 18:00,01F3561S,01F3590S,41,68,3
2024/04/29 18:00,01F3561S,01F3590S,42,64,9
2024/04/29 18:00,01F3561S,01F3590S,5,64,35
2024/04/29 18:00,01F3590S,01F3640S,31,82,234
2024/04/29 18:00,01F3590S,01F3640S,32,82,77
2024/04/29 18:00,01F3590S,01F3640S,41,72,2
2024/04/29 18:00,01F3590S,01F3640S,42,72,7
2024/04/29 18:00,01F3590S,01F3640S,5,75,32
2024/04/29 18:00,01F3640S,01F3676S,31,68,213
2024/04/29 18:00,01F3640S,01F3676S,32,66,68
2024/04/29 18:00,01F3640S,01F3676S,41,61,3
2024/04/29 18:00,01F3640S,01F3676S,42,64,11
2024/04/29 18:00,01F3640S,01F3676S,5,64,31
2024/04/29 18:00,01F3676S,01F3686S,31,86,209
2024/04/29 18:00,01F3676S,01F3686S,32,90,70
2024/04/29 18:00,01F3676S,01F3686S,41,79,2
2024/04/29 18:00,01F3676S,01F3686S,42,79,15
2024/04/29 18:00,01F3676S,01F3686S,5,79,34
2024/04/29 18:00,01F3686S,01F3736S,31,82,7
2024/04/29 18:00,01F3686S,01F3736S,32,99,2
2024/04/29 18:00,01F3686S,01F3736S,41,0,0
2024/04/29 18:00,01F3686S,01F3736S,42,90,1
2024/04/29 18:00,01F3686S,01F3736S,5,79,8
2024/04/29 18:00,01F0099S,01H0163S,31,104,47
2024/04/29 18:00,01F0099S,01H0163S,32,106,10
2024/04/29 18:00,01F0099S,01H0163S,41,0,0
2024/04/29 18:00,01F0099S,01H0163S,42,28,1
2024/04/29 18:00,01F0099S,01H0163S,5,0,0
2024/04/29 18:00,01H0163S,01H0206S,31,36,93
2024/04/29 18:00,01H0163S,01H0206S,32,36,19
2024/04/29 18:00,01H0163S,01H0206S,41,36,3
2024/04/29 18:00,01H0163S,01H0206S,42,0,0
2024/04/29 18:00,01H0163S,01H0206S,5,0,0
2024/04/29 18:00,01H0206S,01H0305S,31,68,213
2024/04/29 18:00,01H0206S,01H0305S,32,64,57
2024/04/29 18:00,01H0206S,01H0305S,41,66,2
2024/04/29 18:00,01H0206S,01H0305S,42,0,0
2024/04/29 18:00,01H0206S,01H0305S,5,0,0
2024/04/29 18:00,01H0305S,01H0334S,31,82,79
2024/04/29 18:00,01H0305S,01H0334S,32,75,21
2024/04/29 18:00,01H0305S,01H0334S,41,79,2
2024/04/29 18:00,01H0305S,01H0334S,42,0,0
2024/04/29 18:00,01H0305S,01H0334S,5,0,0
2024/04/29 18:00,01F0339S,01H0447S,31,90,111
2024/04/29 18:00,01F0339S,01H0447S,32,90,42
2024/04/29 18:00,01F0339S,01H0447S,41,0,0
2024/04/29 18:00,01F0339S,01H0447S,42,0,0
2024/04/29 18:00,01F0339S,01H0447S,5,0,0
2024/04/29 18:00,01H0334S,01H0447S,31,93,72
2024/04/29 18:00,01H0334S,01H0447S,32,90,16
2024/04/29 18:00,01H0334S,01H0447S,41,0,0
2024/04/29 18:00,01H0334S,01H0447S,42,0,0
2024/04/29 18:00,01H0334S,01H0447S,5,0,0
2024/04/29 18:00,01H0447S,01H0579S,31,93,131
2024/04/29 18:00,01H0447S,01H0579S,32,97,28
2024/04/29 18:00,01H0447S,01H0579S,41,93,1
2024/04/29 18:00,01H0447S,01H0579S,42,0,0
2024/04/29 18:00,01H0447S,01H0579S,5,0,0
2024/04/29 18:00,01F0578S,01H0610S,31,46,78
2024/04/29 18:00,01F0578S,01H0610S,32,46,19
2024/04/29 18:00,01F0578S,01H0610S,41,46,2
2024/04/29 18:00,01F0578S,01H0610S,42,0,0
2024/04/29 18:00,01F0578S,01H0610S,5,0,0
2024/04/29 18:00,01H0579S,01H0610S,31,75,81
2024/04/29 18:00,01H0579S,01H0610S,32,75,15
2024/04/29 18:00,01H0579S,01H0610S,41,79,4
2024/04/29 18:00,01H0579S,01H0610S,42,0,0
2024/04/29 18:00,01H0579S,01H0610S,5,0,0
2024/04/29 18:00,01F0099S,03F0054N,31,25,3
2024/04/29 18:00,01F0099S,03F0054N,32,0,0
2024/04/29 18:00,01F0099S,03F0054N,41,0,0
2024/04/29 18:00,01F0099S,03F0054N,42,0,0
2024/04/29 18:00,01F0099S,03F0054N,5,0,0
2024/04/29 18:00,01F0099S,03F0116S,31,43,59
2024/04/29 18:00,01F0099S,03F0116S,32,43,22
2024/04/29 18:00,01F0099S,03F0116S,41,43,2
2024/04/29 18:00,01F0099S,03F0116S,42,0,0
2024/04/29 18:00,01F0099S,03F0116S,5,43,1
2024/04/29 18:00,01F0511S,03F0525N,31,43,12
2024/04/29 18:00,01F0511S,03F0525N,32,46,9
2024/04/29 18:00,01F0511S,03F0525N,41,0,0
2024/04/29 18:00,01F0511S,03F0525N,42,43,1
2024/04/29 18:00,01F0511S,03F0525N,5,43,1
2024/04/29 18:00,01F0511S,03F0559S,31,54,9
2024/04/29 18:00,01F0511S,03F0559S,32,48,4
2024/04/29 18:00,01F0511S,03F0559S,41,0,0
2024/04/29 18:00,01F0511S,03F0559S,42,50,1
2024/04/29 18:00,01F0511S,03F0559S,5,0,0
2024/04/29 18:00,01F0980S,03F0996N,31,64,61
2024/04/29 18:00,01F0980S,03F0996N,32,63,14
2024/04/29 18:00,01F0980S,03F0996N,41,0,0
2024/04/29 18:00,01F0980S,03F0996N,42,61,1
2024/04/29 18:00,01F0980S,03F0996N,5,0,0
2024/04/29 18:00,01F0980S,03F1022S,31,75,188
2024/04/29 18:00,01F0980S,03F1022S,32,72,29
2024/04/29 18:00,01F0980S,03F1022S,41,0,0
2024/04/29 18:00,01F0980S,03F1022S,42,72,9
2024/04/29 18:00,01F0980S,03F1022S,5,70,8
2024/04/29 18:00,01F1621S,03F1651N,31,0,0
2024/04/29 18:00,01F1621S,03F1651N,32,0,0
2024/04/29 18:00,01F1621S,03F1651N,41,0,0
2024/04/29 18:00,01F1621S,03F1651N,42,0,0
2024/04/29 18:00,01F1621S,03F1651N,5,0,0
2024/04/29 18:00,01F1621S,03F1710S,31,90,11
2024/04/29 18:00,01F1621S,03F1710S,32,55,2
2024/04/29 18:00,01F1621S,03F1710S,41,0,0
2024/04/29 18:00,01F1621S,03F1710S,42,0,0
2024/04/29 18:00,01F1621S,03F1710S,5,0,0
2024/04/29 18:00,01F1906S,03F1941N,31,79,14
2024/04/29 18:00,01F1906S,03F1941N,32,75,11
2024/04/29 18:00,01F1906S,03F1941N,41,0,0
2024/04/29 18:00,01F1906S,03F1941N,42,0,0
2024/04/29 18:00,01F1906S,03F1941N,5,68,1
2024/04/29 18:00,01F1906S,03F1991S,31,75,7
2024/04/29 18:00,01F1906S,03F1991S,32,72,12
2024/04/29 18:00,01F1906S,03F1991S,41,0,0
2024/04/29 18:00,01F1906S,03F1991S,42,0,0
2024/04/29 18:00,01F1906S,03F1991S,5,0,0
2024/04/29 18:00,01F3126S,03F3445N,31,0,0
2024/04/29 18:00,01F3126S,03F3445N,32,0,0
2024/04/29 18:00,01F3126S,03F3445N,41,0,0
2024/04/29 18:00,01F3126S,03F3445N,42,0,0
2024/04/29 18:00,01F3126S,03F3445N,5,0,0
2024/04/29 18:00,01F3126S,03F3496S,31,82,6
2024/04/29 18:00,01F3126S,03F3496S,32,86,3
2024/04/29 18:00,01F3126S,03F3496S,41,0,0
2024/04/29 18:00,01F3126S,03F3496S,42,88,2
2024/04/29 18:00,01F3126S,03F3496S,5,72,3
2024/04/29 18:00,01F3590S,03F3743N,31,0,0
2024/04/29 18:00,01F3590S,03F3743N,32,0,0
2024/04/29 18:00,01F3590S,03F3743N,41,0,0
2024/04/29 18:00,01F3590S,03F3743N,42,0,0
2024/04/29 18:00,01F3590S,03F3743N,5,0,0
2024/04/29 18:00,01F3590S,03F3854S,31,93,1
2024/04/29 18:00,01F3590S,03F3854S,32,0,0
2024/04/29 18:00,01F3590S,03F3854S,41,0,0
2024/04/29 18:00,01F3590S,03F3854S,42,84,2
2024/04/29 18:00,01F3590S,03F3854S,5,0,0
